[{"model": "admin.logentry", "pk": 1, "fields": {"action_time": "2024-06-28T23:51:11.637Z", "user": 1, "content_type": 7, "object_id": "1", "object_repr": "Ravenclaw 2024", "action_flag": 1, "change_message": "[{\"added\": {}}]"}}, {"model": "admin.logentry", "pk": 2, "fields": {"action_time": "2024-06-28T23:51:34.054Z", "user": 1, "content_type": 7, "object_id": "2", "object_repr": "Slytherin 2024", "action_flag": 1, "change_message": "[{\"added\": {}}]"}}, {"model": "admin.logentry", "pk": 3, "fields": {"action_time": "2024-06-28T23:54:23.150Z", "user": 1, "content_type": 7, "object_id": "1", "object_repr": "Ravenclaw 2024", "action_flag": 2, "change_message": "[{\"added\": {\"name\": \"user batch\", \"object\": \"B = 1 U = 4\"}}, {\"added\": {\"name\": \"user batch\", \"object\": \"B = 1 U = 7\"}}, {\"added\": {\"name\": \"user batch\", \"object\": \"B = 1 U = 8\"}}]"}}, {"model": "admin.logentry", "pk": 4, "fields": {"action_time": "2024-06-28T23:54:49.995Z", "user": 1, "content_type": 7, "object_id": "2", "object_repr": "Slytherin 2024", "action_flag": 2, "change_message": "[{\"added\": {\"name\": \"user batch\", \"object\": \"B = 2 U = 5\"}}, {\"added\": {\"name\": \"user batch\", \"object\": \"B = 2 U = 6\"}}, {\"added\": {\"name\": \"user batch\", \"object\": \"B = 2 U = 3\"}}]"}}, {"model": "admin.logentry", "pk": 5, "fields": {"action_time": "2024-06-28T23:57:28.200Z", "user": 1, "content_type": 9, "object_id": "1", "object_repr": "Ravenclaw 2024 Introduction 1", "action_flag": 1, "change_message": "[{\"added\": {}}]"}}, {"model": "admin.logentry", "pk": 6, "fields": {"action_time": "2024-06-28T23:58:47.788Z", "user": 1, "content_type": 9, "object_id": "2", "object_repr": "Slytherin 2024 Introduction 1", "action_flag": 1, "change_message": "[{\"added\": {}}]"}}, {"model": "admin.logentry", "pk": 7, "fields": {"action_time": "2024-06-29T00:00:23.596Z", "user": 1, "content_type": 9, "object_id": "3", "object_repr": "Ravenclaw 2024 Preferences 2", "action_flag": 1, "change_message": "[{\"added\": {}}]"}}, {"model": "admin.logentry", "pk": 8, "fields": {"action_time": "2024-06-29T00:01:35.275Z", "user": 1, "content_type": 9, "object_id": "4", "object_repr": "Slytherin 2024 Fun interaction 2", "action_flag": 1, "change_message": "[{\"added\": {}}]"}}, {"model": "admin.logentry", "pk": 9, "fields": {"action_time": "2024-06-29T00:08:23.905Z", "user": 1, "content_type": 11, "object_id": "1", "object_repr": "1. Basic info", "action_flag": 1, "change_message": "[{\"added\": {}}]"}}, {"model": "admin.logentry", "pk": 10, "fields": {"action_time": "2024-06-29T00:36:19.053Z", "user": 1, "content_type": 11, "object_id": "2", "object_repr": "2. Basic info", "action_flag": 1, "change_message": "[{\"added\": {}}]"}}, {"model": "admin.logentry", "pk": 11, "fields": {"action_time": "2024-06-29T00:38:01.401Z", "user": 1, "content_type": 11, "object_id": "3", "object_repr": "3. About Course", "action_flag": 1, "change_message": "[{\"added\": {}}]"}}, {"model": "admin.logentry", "pk": 12, "fields": {"action_time": "2024-06-29T00:39:07.318Z", "user": 1, "content_type": 11, "object_id": "4", "object_repr": "4. Family", "action_flag": 1, "change_message": "[{\"added\": {}}]"}}, {"model": "admin.logentry", "pk": 13, "fields": {"action_time": "2024-06-29T00:39:21.868Z", "user": 1, "content_type": 11, "object_id": "3", "object_repr": "3. About Course", "action_flag": 2, "change_message": "[{\"changed\": {\"fields\": [\"Sequence no\"]}}]"}}, {"model": "admin.logentry", "pk": 14, "fields": {"action_time": "2024-06-29T00:39:30.318Z", "user": 1, "content_type": 11, "object_id": "4", "object_repr": "4. Family", "action_flag": 2, "change_message": "[{\"changed\": {\"fields\": [\"Sequence no\"]}}]"}}, {"model": "admin.logentry", "pk": 15, "fields": {"action_time": "2024-06-29T01:23:23.689Z", "user": 1, "content_type": 13, "object_id": "1", "object_repr": "1. Name", "action_flag": 1, "change_message": "[{\"added\": {}}]"}}, {"model": "admin.logentry", "pk": 16, "fields": {"action_time": "2024-06-29T01:24:10.656Z", "user": 1, "content_type": 13, "object_id": "2", "object_repr": "2. Course", "action_flag": 1, "change_message": "[{\"added\": {}}, {\"added\": {\"name\": \"option\", \"object\": \"1. Cyber Security\"}}, {\"added\": {\"name\": \"option\", \"object\": \"2. Theoretical Computer Science\"}}, {\"added\": {\"name\": \"option\", \"object\": \"3. Data Science\"}}, {\"added\": {\"name\": \"option\", \"object\": \"4. Software Systems\"}}]"}}, {"model": "admin.logentry", "pk": 17, "fields": {"action_time": "2024-06-29T01:24:29.697Z", "user": 1, "content_type": 13, "object_id": "3", "object_repr": "3. Email Id (gmail or personal email id)", "action_flag": 1, "change_message": "[{\"added\": {}}]"}}, {"model": "admin.logentry", "pk": 18, "fields": {"action_time": "2024-06-29T01:24:39.890Z", "user": 1, "content_type": 13, "object_id": "2", "object_repr": "2. Course", "action_flag": 2, "change_message": "[{\"changed\": {\"fields\": [\"Type\"]}}]"}}, {"model": "admin.logentry", "pk": 19, "fields": {"action_time": "2024-06-29T01:25:04.418Z", "user": 1, "content_type": 13, "object_id": "4", "object_repr": "4. Date of Birth", "action_flag": 1, "change_message": "[{\"added\": {}}]"}}, {"model": "admin.logentry", "pk": 20, "fields": {"action_time": "2024-06-29T01:25:53.907Z", "user": 1, "content_type": 13, "object_id": "5", "object_repr": "5. Residency status", "action_flag": 1, "change_message": "[{\"added\": {}}, {\"added\": {\"name\": \"option\", \"object\": \"5. Day Scholar\"}}, {\"added\": {\"name\": \"option\", \"object\": \"6. Hostel\"}}, {\"added\": {\"name\": \"option\", \"object\": \"7. Renting outside\"}}]"}}, {"model": "admin.logentry", "pk": 21, "fields": {"action_time": "2024-06-29T01:26:05.528Z", "user": 1, "content_type": 13, "object_id": "6", "object_repr": "6. Name", "action_flag": 1, "change_message": "[{\"added\": {}}]"}}, {"model": "admin.logentry", "pk": 22, "fields": {"action_time": "2024-06-29T01:27:39.368Z", "user": 1, "content_type": 13, "object_id": "7", "object_repr": "7. Course", "action_flag": 1, "change_message": "[{\"added\": {}}, {\"added\": {\"name\": \"option\", \"object\": \"8. Cyber Security\"}}, {\"added\": {\"name\": \"option\", \"object\": \"9. Theoretical Computer Science\"}}, {\"added\": {\"name\": \"option\", \"object\": \"10. Data Science\"}}, {\"added\": {\"name\": \"option\", \"object\": \"11. Software Systems\"}}]"}}, {"model": "admin.logentry", "pk": 23, "fields": {"action_time": "2024-06-29T01:28:01.036Z", "user": 1, "content_type": 13, "object_id": "8", "object_repr": "8. Email Id (gmail or personal email id)", "action_flag": 1, "change_message": "[{\"added\": {}}]"}}, {"model": "admin.logentry", "pk": 24, "fields": {"action_time": "2024-06-29T01:28:27.043Z", "user": 1, "content_type": 13, "object_id": "9", "object_repr": "9. Date of Birth", "action_flag": 1, "change_message": "[{\"added\": {}}]"}}, {"model": "admin.logentry", "pk": 25, "fields": {"action_time": "2024-06-29T01:29:08.953Z", "user": 1, "content_type": 13, "object_id": "10", "object_repr": "10. Residency status", "action_flag": 1, "change_message": "[{\"added\": {}}, {\"added\": {\"name\": \"option\", \"object\": \"12. Day Scholar\"}}, {\"added\": {\"name\": \"option\", \"object\": \"13. Hostel\"}}, {\"added\": {\"name\": \"option\", \"object\": \"14. Renting outside\"}}]"}}, {"model": "admin.logentry", "pk": 26, "fields": {"action_time": "2024-06-29T02:05:13.984Z", "user": 1, "content_type": 13, "object_id": "11", "object_repr": "11. How did you find out about 5 year M.Sc. program", "action_flag": 1, "change_message": "[{\"added\": {}}, {\"added\": {\"name\": \"option\", \"object\": \"15. School Senior studying / completed\"}}, {\"added\": {\"name\": \"option\", \"object\": \"16. Parents suggested\"}}, {\"added\": {\"name\": \"option\", \"object\": \"17. Sibling studying / completed\"}}, {\"added\": {\"name\": \"option\", \"object\": \"18. Relative / Family Friend studying / completed\"}}, {\"added\": {\"name\": \"option\", \"object\": \"19. Advertisement\"}}]"}}, {"model": "admin.logentry", "pk": 27, "fields": {"action_time": "2024-06-29T02:06:24.605Z", "user": 1, "content_type": 11, "object_id": "5", "object_repr": "5. Favourites", "action_flag": 1, "change_message": "[{\"added\": {}}]"}}, {"model": "admin.logentry", "pk": 28, "fields": {"action_time": "2024-06-29T02:20:01.744Z", "user": 1, "content_type": 13, "object_id": "12", "object_repr": "12. IIT JEE", "action_flag": 1, "change_message": "[{\"added\": {}}, {\"added\": {\"name\": \"option\", \"object\": \"20. Did not get my preferred course\"}}, {\"added\": {\"name\": \"option\", \"object\": \"21. Did not try\"}}, {\"added\": {\"name\": \"option\", \"object\": \"22. Did not qualify\"}}, {\"added\": {\"name\": \"option\", \"object\": \"23. Qualified mains, didn't qualify advanced\"}}]"}}, {"model": "admin.logentry", "pk": 29, "fields": {"action_time": "2024-06-29T02:21:24.158Z", "user": 1, "content_type": 13, "object_id": "13", "object_repr": "13. 4 year engineering degree", "action_flag": 1, "change_message": "[{\"added\": {}}, {\"added\": {\"name\": \"option\", \"object\": \"24. Did not get my preferred course\"}}, {\"added\": {\"name\": \"option\", \"object\": \"25. Did not try\"}}, {\"added\": {\"name\": \"option\", \"object\": \"26. Did not qualify\"}}, {\"added\": {\"name\": \"option\", \"object\": \"27. Got M.Sc first\"}}, {\"added\": {\"name\": \"option\", \"object\": \"28. Wanted to study in Coimbatore\"}}]"}}, {"model": "admin.logentry", "pk": 30, "fields": {"action_time": "2024-06-29T02:24:49.784Z", "user": 1, "content_type": 13, "object_id": "14", "object_repr": "14. If you did not get this admission what was your next choice?", "action_flag": 1, "change_message": "[{\"added\": {}}]"}}, {"model": "admin.logentry", "pk": 31, "fields": {"action_time": "2024-06-29T02:30:18.732Z", "user": 1, "content_type": 13, "object_id": "15", "object_repr": "15. Education Funding", "action_flag": 1, "change_message": "[{\"added\": {}}, {\"added\": {\"name\": \"option\", \"object\": \"29. Bank Loan\"}}, {\"added\": {\"name\": \"option\", \"object\": \"30. Family is paying\"}}, {\"added\": {\"name\": \"option\", \"object\": \"31. Getting Financial Assitance\"}}, {\"added\": {\"name\": \"option\", \"object\": \"32. Scholarship\"}}]"}}, {"model": "admin.logentry", "pk": 32, "fields": {"action_time": "2024-06-29T02:30:51.834Z", "user": 1, "content_type": 13, "object_id": "16", "object_repr": "16. School You Studied (Name)", "action_flag": 1, "change_message": "[{\"added\": {}}]"}}, {"model": "admin.logentry", "pk": 33, "fields": {"action_time": "2024-06-29T02:31:03.580Z", "user": 1, "content_type": 13, "object_id": "16", "object_repr": "16. School You Studied (Name)", "action_flag": 2, "change_message": "[]"}}, {"model": "admin.logentry", "pk": 34, "fields": {"action_time": "2024-06-29T02:31:28.653Z", "user": 1, "content_type": 13, "object_id": "17", "object_repr": "17. School You Studied ( City)", "action_flag": 1, "change_message": "[{\"added\": {}}]"}}, {"model": "admin.logentry", "pk": 35, "fields": {"action_time": "2024-06-29T05:06:15.567Z", "user": 1, "content_type": 13, "object_id": "18", "object_repr": "18. School You Studied (Board)", "action_flag": 1, "change_message": "[{\"added\": {}}, {\"added\": {\"name\": \"option\", \"object\": \"33. TN\"}}, {\"added\": {\"name\": \"option\", \"object\": \"34. CBSE\"}}, {\"added\": {\"name\": \"option\", \"object\": \"35. ICSE\"}}]"}}, {"model": "admin.logentry", "pk": 36, "fields": {"action_time": "2024-06-29T05:13:25.829Z", "user": 1, "content_type": 13, "object_id": "19", "object_repr": "19. Are you thinking of higher education", "action_flag": 1, "change_message": "[{\"added\": {}}, {\"added\": {\"name\": \"option\", \"object\": \"36. Definite No\"}}, {\"added\": {\"name\": \"option\", \"object\": \"37. No - cannot afford\"}}, {\"added\": {\"name\": \"option\", \"object\": \"38. I am not sure\"}}, {\"added\": {\"name\": \"option\", \"object\": \"39. Parents are interested\"}}, {\"added\": {\"name\": \"option\", \"object\": \"40. Possibility\"}}]"}}, {"model": "admin.logentry", "pk": 37, "fields": {"action_time": "2024-06-29T05:13:32.459Z", "user": 1, "content_type": 13, "object_id": "19", "object_repr": "19. Are you thinking of higher education", "action_flag": 2, "change_message": "[]"}}, {"model": "admin.logentry", "pk": 38, "fields": {"action_time": "2024-06-29T05:14:42.499Z", "user": 1, "content_type": 13, "object_id": "20", "object_repr": "20. Father's Highest Education", "action_flag": 1, "change_message": "[{\"added\": {}}, {\"added\": {\"name\": \"option\", \"object\": \"41. Post Graduate\"}}, {\"added\": {\"name\": \"option\", \"object\": \"42. Doctorate\"}}, {\"added\": {\"name\": \"option\", \"object\": \"43. Graduate\"}}, {\"added\": {\"name\": \"option\", \"object\": \"44. School level\"}}, {\"added\": {\"name\": \"option\", \"object\": \"45. Diploma\"}}]"}}, {"model": "admin.logentry", "pk": 39, "fields": {"action_time": "2024-06-29T05:14:55.766Z", "user": 1, "content_type": 13, "object_id": "21", "object_repr": "21. Father's Profession", "action_flag": 1, "change_message": "[{\"added\": {}}]"}}, {"model": "admin.logentry", "pk": 40, "fields": {"action_time": "2024-06-29T05:17:33.438Z", "user": 1, "content_type": 13, "object_id": "22", "object_repr": "22. Mother's Highest Education", "action_flag": 1, "change_message": "[{\"added\": {}}, {\"added\": {\"name\": \"option\", \"object\": \"46. Post Graduate\"}}, {\"added\": {\"name\": \"option\", \"object\": \"47. DO\"}}]"}}, {"model": "admin.logentry", "pk": 41, "fields": {"action_time": "2024-06-29T05:18:12.343Z", "user": 1, "content_type": 13, "object_id": "22", "object_repr": "22. Mother's Highest Education", "action_flag": 2, "change_message": "[{\"added\": {\"name\": \"option\", \"object\": \"48. Graduate\"}}, {\"added\": {\"name\": \"option\", \"object\": \"49. School level\"}}, {\"added\": {\"name\": \"option\", \"object\": \"50. Diploma\"}}, {\"changed\": {\"name\": \"option\", \"object\": \"47. Doctorate\", \"fields\": [\"Value\", \"Sequence no\"]}}]"}}, {"model": "admin.logentry", "pk": 42, "fields": {"action_time": "2024-06-29T05:18:32.342Z", "user": 1, "content_type": 13, "object_id": "23", "object_repr": "23. Mother's Profession", "action_flag": 1, "change_message": "[{\"added\": {}}]"}}, {"model": "admin.logentry", "pk": 43, "fields": {"action_time": "2024-06-29T05:19:01.287Z", "user": 1, "content_type": 13, "object_id": "24", "object_repr": "24. Siblings", "action_flag": 1, "change_message": "[{\"added\": {}}, {\"added\": {\"name\": \"option\", \"object\": \"51. Yes\"}}, {\"added\": {\"name\": \"option\", \"object\": \"52. No\"}}]"}}, {"model": "admin.logentry", "pk": 44, "fields": {"action_time": "2024-06-29T05:20:39.044Z", "user": 1, "content_type": 13, "object_id": "25", "object_repr": "25. Favourite Genre(s)", "action_flag": 1, "change_message": "[{\"added\": {}}, {\"added\": {\"name\": \"option\", \"object\": \"53. Comedy\"}}, {\"added\": {\"name\": \"option\", \"object\": \"54. Romance\"}}, {\"added\": {\"name\": \"option\", \"object\": \"55. Horror\"}}, {\"added\": {\"name\": \"option\", \"object\": \"56. Adventure\"}}]"}}, {"model": "admin.logentry", "pk": 45, "fields": {"action_time": "2024-06-29T05:23:15.565Z", "user": 1, "content_type": 13, "object_id": "26", "object_repr": "26. Interested Domain(s)", "action_flag": 1, "change_message": "[{\"added\": {}}, {\"added\": {\"name\": \"option\", \"object\": \"57. Web developmentv(front-end)\"}}, {\"added\": {\"name\": \"option\", \"object\": \"58. Back-end\"}}, {\"added\": {\"name\": \"option\", \"object\": \"59. Operating Systems\"}}, {\"added\": {\"name\": \"option\", \"object\": \"60. Computer Networks\"}}, {\"added\": {\"name\": \"option\", \"object\": \"61. Game development\"}}, {\"added\": {\"name\": \"option\", \"object\": \"62. Mathematics\"}}, {\"added\": {\"name\": \"option\", \"object\": \"63. None of the above\"}}]"}}, {"model": "admin.logentry", "pk": 46, "fields": {"action_time": "2024-06-29T05:24:48.511Z", "user": 1, "content_type": 13, "object_id": "27", "object_repr": "27. Favourite cusine(s)", "action_flag": 1, "change_message": "[{\"added\": {}}, {\"added\": {\"name\": \"option\", \"object\": \"64. North Indian\"}}, {\"added\": {\"name\": \"option\", \"object\": \"65. South Indian\"}}, {\"added\": {\"name\": \"option\", \"object\": \"66. Asian\"}}, {\"added\": {\"name\": \"option\", \"object\": \"67. Mediterranean\"}}, {\"added\": {\"name\": \"option\", \"object\": \"68. French\"}}, {\"added\": {\"name\": \"option\", \"object\": \"69. Italian\"}}, {\"added\": {\"name\": \"option\", \"object\": \"70. Other\"}}]"}}, {"model": "admin.logentry", "pk": 47, "fields": {"action_time": "2024-06-29T05:24:54.446Z", "user": 1, "content_type": 13, "object_id": "26", "object_repr": "26. Interested Domain(s)", "action_flag": 2, "change_message": "[{\"changed\": {\"fields\": [\"Is required\"]}}]"}}, {"model": "admin.logentry", "pk": 48, "fields": {"action_time": "2024-06-29T05:25:04.971Z", "user": 1, "content_type": 13, "object_id": "25", "object_repr": "25. Favourite Genre(s)", "action_flag": 2, "change_message": "[{\"changed\": {\"fields\": [\"Is required\"]}}]"}}, {"model": "admin.logentry", "pk": 49, "fields": {"action_time": "2024-06-29T06:46:23.128Z", "user": 1, "content_type": 6, "object_id": "4", "object_repr": "22PW01@psgtech.ac.in", "action_flag": 2, "change_message": "[{\"changed\": {\"fields\": [\"Is verified\"]}}]"}}, {"model": "admin.logentry", "pk": 50, "fields": {"action_time": "2024-06-29T07:01:34.553Z", "user": 1, "content_type": 6, "object_id": "8", "object_repr": "22PW03@psgtech.ac.in", "action_flag": 3, "change_message": ""}}, {"model": "admin.logentry", "pk": 51, "fields": {"action_time": "2024-06-29T07:01:34.565Z", "user": 1, "content_type": 6, "object_id": "7", "object_repr": "22PW04@psgtech.ac.in", "action_flag": 3, "change_message": ""}}, {"model": "admin.logentry", "pk": 52, "fields": {"action_time": "2024-06-29T07:01:34.569Z", "user": 1, "content_type": 6, "object_id": "6", "object_repr": "22PC19@psgtech.ac.in", "action_flag": 3, "change_message": ""}}, {"model": "admin.logentry", "pk": 53, "fields": {"action_time": "2024-06-29T07:01:34.573Z", "user": 1, "content_type": 6, "object_id": "5", "object_repr": "22PT09@psgtech.ac.in", "action_flag": 3, "change_message": ""}}, {"model": "admin.logentry", "pk": 54, "fields": {"action_time": "2024-06-29T07:01:34.576Z", "user": 1, "content_type": 6, "object_id": "4", "object_repr": "22PW01@psgtech.ac.in", "action_flag": 3, "change_message": ""}}, {"model": "admin.logentry", "pk": 55, "fields": {"action_time": "2024-06-29T07:01:34.578Z", "user": 1, "content_type": 6, "object_id": "3", "object_repr": "22PW29@psgtech.ac.in", "action_flag": 3, "change_message": ""}}, {"model": "auth.permission", "pk": 1, "fields": {"name": "Can add log entry", "content_type": 1, "codename": "add_logentry"}}, {"model": "auth.permission", "pk": 2, "fields": {"name": "Can change log entry", "content_type": 1, "codename": "change_logentry"}}, {"model": "auth.permission", "pk": 3, "fields": {"name": "Can delete log entry", "content_type": 1, "codename": "delete_logentry"}}, {"model": "auth.permission", "pk": 4, "fields": {"name": "Can view log entry", "content_type": 1, "codename": "view_logentry"}}, {"model": "auth.permission", "pk": 5, "fields": {"name": "Can add permission", "content_type": 2, "codename": "add_permission"}}, {"model": "auth.permission", "pk": 6, "fields": {"name": "Can change permission", "content_type": 2, "codename": "change_permission"}}, {"model": "auth.permission", "pk": 7, "fields": {"name": "Can delete permission", "content_type": 2, "codename": "delete_permission"}}, {"model": "auth.permission", "pk": 8, "fields": {"name": "Can view permission", "content_type": 2, "codename": "view_permission"}}, {"model": "auth.permission", "pk": 9, "fields": {"name": "Can add group", "content_type": 3, "codename": "add_group"}}, {"model": "auth.permission", "pk": 10, "fields": {"name": "Can change group", "content_type": 3, "codename": "change_group"}}, {"model": "auth.permission", "pk": 11, "fields": {"name": "Can delete group", "content_type": 3, "codename": "delete_group"}}, {"model": "auth.permission", "pk": 12, "fields": {"name": "Can view group", "content_type": 3, "codename": "view_group"}}, {"model": "auth.permission", "pk": 13, "fields": {"name": "Can add content type", "content_type": 4, "codename": "add_contenttype"}}, {"model": "auth.permission", "pk": 14, "fields": {"name": "Can change content type", "content_type": 4, "codename": "change_contenttype"}}, {"model": "auth.permission", "pk": 15, "fields": {"name": "Can delete content type", "content_type": 4, "codename": "delete_contenttype"}}, {"model": "auth.permission", "pk": 16, "fields": {"name": "Can view content type", "content_type": 4, "codename": "view_contenttype"}}, {"model": "auth.permission", "pk": 17, "fields": {"name": "Can add session", "content_type": 5, "codename": "add_session"}}, {"model": "auth.permission", "pk": 18, "fields": {"name": "Can change session", "content_type": 5, "codename": "change_session"}}, {"model": "auth.permission", "pk": 19, "fields": {"name": "Can delete session", "content_type": 5, "codename": "delete_session"}}, {"model": "auth.permission", "pk": 20, "fields": {"name": "Can view session", "content_type": 5, "codename": "view_session"}}, {"model": "auth.permission", "pk": 21, "fields": {"name": "Can add user", "content_type": 6, "codename": "add_user"}}, {"model": "auth.permission", "pk": 22, "fields": {"name": "Can change user", "content_type": 6, "codename": "change_user"}}, {"model": "auth.permission", "pk": 23, "fields": {"name": "Can delete user", "content_type": 6, "codename": "delete_user"}}, {"model": "auth.permission", "pk": 24, "fields": {"name": "Can view user", "content_type": 6, "codename": "view_user"}}, {"model": "auth.permission", "pk": 25, "fields": {"name": "Can add batch", "content_type": 7, "codename": "add_batch"}}, {"model": "auth.permission", "pk": 26, "fields": {"name": "Can change batch", "content_type": 7, "codename": "change_batch"}}, {"model": "auth.permission", "pk": 27, "fields": {"name": "Can delete batch", "content_type": 7, "codename": "delete_batch"}}, {"model": "auth.permission", "pk": 28, "fields": {"name": "Can view batch", "content_type": 7, "codename": "view_batch"}}, {"model": "auth.permission", "pk": 29, "fields": {"name": "Can add user batch", "content_type": 8, "codename": "add_userbatch"}}, {"model": "auth.permission", "pk": 30, "fields": {"name": "Can change user batch", "content_type": 8, "codename": "change_userbatch"}}, {"model": "auth.permission", "pk": 31, "fields": {"name": "Can delete user batch", "content_type": 8, "codename": "delete_userbatch"}}, {"model": "auth.permission", "pk": 32, "fields": {"name": "Can view user batch", "content_type": 8, "codename": "view_userbatch"}}, {"model": "auth.permission", "pk": 33, "fields": {"name": "Can add activity", "content_type": 9, "codename": "add_activity"}}, {"model": "auth.permission", "pk": 34, "fields": {"name": "Can change activity", "content_type": 9, "codename": "change_activity"}}, {"model": "auth.permission", "pk": 35, "fields": {"name": "Can delete activity", "content_type": 9, "codename": "delete_activity"}}, {"model": "auth.permission", "pk": 36, "fields": {"name": "Can view activity", "content_type": 9, "codename": "view_activity"}}, {"model": "auth.permission", "pk": 37, "fields": {"name": "Can add user activity", "content_type": 10, "codename": "add_useractivity"}}, {"model": "auth.permission", "pk": 38, "fields": {"name": "Can change user activity", "content_type": 10, "codename": "change_useractivity"}}, {"model": "auth.permission", "pk": 39, "fields": {"name": "Can delete user activity", "content_type": 10, "codename": "delete_useractivity"}}, {"model": "auth.permission", "pk": 40, "fields": {"name": "Can view user activity", "content_type": 10, "codename": "view_useractivity"}}, {"model": "auth.permission", "pk": 41, "fields": {"name": "Can add card", "content_type": 11, "codename": "add_card"}}, {"model": "auth.permission", "pk": 42, "fields": {"name": "Can change card", "content_type": 11, "codename": "change_card"}}, {"model": "auth.permission", "pk": 43, "fields": {"name": "Can delete card", "content_type": 11, "codename": "delete_card"}}, {"model": "auth.permission", "pk": 44, "fields": {"name": "Can view card", "content_type": 11, "codename": "view_card"}}, {"model": "auth.permission", "pk": 45, "fields": {"name": "Can add user card", "content_type": 12, "codename": "add_usercard"}}, {"model": "auth.permission", "pk": 46, "fields": {"name": "Can change user card", "content_type": 12, "codename": "change_usercard"}}, {"model": "auth.permission", "pk": 47, "fields": {"name": "Can delete user card", "content_type": 12, "codename": "delete_usercard"}}, {"model": "auth.permission", "pk": 48, "fields": {"name": "Can view user card", "content_type": 12, "codename": "view_usercard"}}, {"model": "auth.permission", "pk": 49, "fields": {"name": "Can add question", "content_type": 13, "codename": "add_question"}}, {"model": "auth.permission", "pk": 50, "fields": {"name": "Can change question", "content_type": 13, "codename": "change_question"}}, {"model": "auth.permission", "pk": 51, "fields": {"name": "Can delete question", "content_type": 13, "codename": "delete_question"}}, {"model": "auth.permission", "pk": 52, "fields": {"name": "Can view question", "content_type": 13, "codename": "view_question"}}, {"model": "auth.permission", "pk": 53, "fields": {"name": "Can add option", "content_type": 14, "codename": "add_option"}}, {"model": "auth.permission", "pk": 54, "fields": {"name": "Can change option", "content_type": 14, "codename": "change_option"}}, {"model": "auth.permission", "pk": 55, "fields": {"name": "Can delete option", "content_type": 14, "codename": "delete_option"}}, {"model": "auth.permission", "pk": 56, "fields": {"name": "Can view option", "content_type": 14, "codename": "view_option"}}, {"model": "auth.permission", "pk": 57, "fields": {"name": "Can add answer", "content_type": 15, "codename": "add_answer"}}, {"model": "auth.permission", "pk": 58, "fields": {"name": "Can change answer", "content_type": 15, "codename": "change_answer"}}, {"model": "auth.permission", "pk": 59, "fields": {"name": "Can delete answer", "content_type": 15, "codename": "delete_answer"}}, {"model": "auth.permission", "pk": 60, "fields": {"name": "Can view answer", "content_type": 15, "codename": "view_answer"}}, {"model": "auth.permission", "pk": 61, "fields": {"name": "Can add outstanding token", "content_type": 16, "codename": "add_outstandingtoken"}}, {"model": "auth.permission", "pk": 62, "fields": {"name": "Can change outstanding token", "content_type": 16, "codename": "change_outstandingtoken"}}, {"model": "auth.permission", "pk": 63, "fields": {"name": "Can delete outstanding token", "content_type": 16, "codename": "delete_outstandingtoken"}}, {"model": "auth.permission", "pk": 64, "fields": {"name": "Can view outstanding token", "content_type": 16, "codename": "view_outstandingtoken"}}, {"model": "auth.permission", "pk": 65, "fields": {"name": "Can add blacklisted token", "content_type": 17, "codename": "add_blacklistedtoken"}}, {"model": "auth.permission", "pk": 66, "fields": {"name": "Can change blacklisted token", "content_type": 17, "codename": "change_blacklistedtoken"}}, {"model": "auth.permission", "pk": 67, "fields": {"name": "Can delete blacklisted token", "content_type": 17, "codename": "delete_blacklistedtoken"}}, {"model": "auth.permission", "pk": 68, "fields": {"name": "Can view blacklisted token", "content_type": 17, "codename": "view_blacklistedtoken"}}, {"model": "contenttypes.contenttype", "pk": 1, "fields": {"app_label": "admin", "model": "logentry"}}, {"model": "contenttypes.contenttype", "pk": 2, "fields": {"app_label": "auth", "model": "permission"}}, {"model": "contenttypes.contenttype", "pk": 3, "fields": {"app_label": "auth", "model": "group"}}, {"model": "contenttypes.contenttype", "pk": 4, "fields": {"app_label": "contenttypes", "model": "contenttype"}}, {"model": "contenttypes.contenttype", "pk": 5, "fields": {"app_label": "sessions", "model": "session"}}, {"model": "contenttypes.contenttype", "pk": 6, "fields": {"app_label": "apis", "model": "user"}}, {"model": "contenttypes.contenttype", "pk": 7, "fields": {"app_label": "apis", "model": "batch"}}, {"model": "contenttypes.contenttype", "pk": 8, "fields": {"app_label": "apis", "model": "userbatch"}}, {"model": "contenttypes.contenttype", "pk": 9, "fields": {"app_label": "apis", "model": "activity"}}, {"model": "contenttypes.contenttype", "pk": 10, "fields": {"app_label": "apis", "model": "useractivity"}}, {"model": "contenttypes.contenttype", "pk": 11, "fields": {"app_label": "apis", "model": "card"}}, {"model": "contenttypes.contenttype", "pk": 12, "fields": {"app_label": "apis", "model": "usercard"}}, {"model": "contenttypes.contenttype", "pk": 13, "fields": {"app_label": "apis", "model": "question"}}, {"model": "contenttypes.contenttype", "pk": 14, "fields": {"app_label": "apis", "model": "option"}}, {"model": "contenttypes.contenttype", "pk": 15, "fields": {"app_label": "apis", "model": "answer"}}, {"model": "contenttypes.contenttype", "pk": 16, "fields": {"app_label": "token_blacklist", "model": "outstandingtoken"}}, {"model": "contenttypes.contenttype", "pk": 17, "fields": {"app_label": "token_blacklist", "model": "blacklistedtoken"}}, {"model": "sessions.session", "pk": "wtkf5zum6tja3bmxbmpu9agzwjyffkxq", "fields": {"session_data": ".eJxVjMsOwiAQRf-FtSFAKQ-X7v0GMswMUjU0Ke3K-O_apAvd3nPOfYkE21rT1nlJE4mz0OL0u2XAB7cd0B3abZY4t3WZstwVedAurzPx83K4fwcVev3WBZ2xYVRDBKCAoXA01mql2Bsc0RgXjXaR0NowgC7kQok-o_I6F3Yk3h_Qyzev:1sNBUz:qHDETIiCgB72Wqu8uOxc2dR7qV3hGw3tuhJSlpx4IAA", "expire_date": "2024-07-12T13:18:45.833Z"}}, {"model": "apis.user", "pk": 1, "fields": {"password": "pbkdf2_sha256$720000$XBj2cs7YPKWUEWCrWS5A4R$7QsI33vJQCy6ewnU6AR3Ys4XrbsChJNDlD+OzpqLB00=", "last_login": "2024-06-28T13:18:45.831Z", "is_superuser": true, "email": "admin@proleap.com", "username": "admin", "name": "", "role": "admin", "gender": null, "phoneNumber": null, "is_active": true, "is_verified": true, "is_staff": true, "created_at": "2024-06-28T13:17:57.097Z", "updated_at": "2024-06-28T13:17:57.097Z", "groups": [], "user_permissions": []}}, {"model": "apis.user", "pk": 2, "fields": {"password": "pbkdf2_sha256$720000$vfvWAE3WrAtdSSOnx1hB8S$wqU/w592O+srukfaIKlZpHuM8Zw5ZlhC5GmjCh1RryA=", "last_login": null, "is_superuser": false, "email": "vsk@gmail.com", "username": "VSK", "name": "VSK", "role": "ORGANIZER", "gender": "M", "phoneNumber": 9842279680, "is_active": true, "is_verified": true, "is_staff": true, "created_at": "2024-06-28T13:30:58.729Z", "updated_at": "2024-06-28T13:30:58.927Z", "groups": [], "user_permissions": []}}, {"model": "apis.batch", "pk": 1, "fields": {"name": "Ravenclaw", "year": 2024, "start_time": "2024-06-28T23:50:57Z", "end_time": "2024-11-30T23:51:05Z", "total_activities": 0, "organizer": 2, "created_at": "2024-06-28T23:51:11.633Z", "updated_at": "2024-06-28T23:54:23.132Z", "is_active": true}}, {"model": "apis.batch", "pk": 2, "fields": {"name": "Slytherin", "year": 2024, "start_time": "2024-06-28T23:51:22Z", "end_time": "2024-11-30T23:51:29Z", "total_activities": 0, "organizer": 2, "created_at": "2024-06-28T23:51:34.053Z", "updated_at": "2024-06-28T23:54:49.989Z", "is_active": true}}, {"model": "apis.userbatch", "pk": 1, "fields": {"user": null, "batch": 1, "completed_activities": 0, "is_completed": false, "status": "NOT_ATTEMPTED", "created_at": "2024-06-28T23:54:23.144Z", "updated_at": "2024-06-28T23:54:23.144Z"}}, {"model": "apis.userbatch", "pk": 2, "fields": {"user": null, "batch": 1, "completed_activities": 0, "is_completed": false, "status": "NOT_ATTEMPTED", "created_at": "2024-06-28T23:54:23.147Z", "updated_at": "2024-06-28T23:54:23.147Z"}}, {"model": "apis.userbatch", "pk": 3, "fields": {"user": null, "batch": 1, "completed_activities": 0, "is_completed": false, "status": "NOT_ATTEMPTED", "created_at": "2024-06-28T23:54:23.149Z", "updated_at": "2024-06-28T23:54:23.149Z"}}, {"model": "apis.userbatch", "pk": 4, "fields": {"user": null, "batch": 2, "completed_activities": 0, "is_completed": false, "status": "NOT_ATTEMPTED", "created_at": "2024-06-28T23:54:49.991Z", "updated_at": "2024-06-28T23:54:49.991Z"}}, {"model": "apis.userbatch", "pk": 5, "fields": {"user": null, "batch": 2, "completed_activities": 0, "is_completed": false, "status": "NOT_ATTEMPTED", "created_at": "2024-06-28T23:54:49.993Z", "updated_at": "2024-06-28T23:54:49.993Z"}}, {"model": "apis.userbatch", "pk": 6, "fields": {"user": null, "batch": 2, "completed_activities": 0, "is_completed": false, "status": "NOT_ATTEMPTED", "created_at": "2024-06-28T23:54:49.994Z", "updated_at": "2024-06-28T23:54:49.994Z"}}, {"model": "apis.activity", "pk": 1, "fields": {"name": "Introduction", "desc": "First Activity", "start_time": "2024-06-28T23:57:10Z", "end_time": "2024-07-31T23:57:17Z", "total_cards": 0, "total_polling_cards": 0, "created_at": "2024-06-28T23:57:28.196Z", "updated_at": "2024-06-28T23:57:28.196Z", "batch": 1, "sequence_no": 1}}, {"model": "apis.activity", "pk": 2, "fields": {"name": "Introduction", "desc": "First Activity", "start_time": "2024-06-28T23:57:50Z", "end_time": "2024-07-31T23:58:01Z", "total_cards": 0, "total_polling_cards": 0, "created_at": "2024-06-28T23:58:47.786Z", "updated_at": "2024-06-28T23:58:47.786Z", "batch": 2, "sequence_no": 1}}, {"model": "apis.activity", "pk": 3, "fields": {"name": "Preferences", "desc": "Course and Field of interest", "start_time": "2024-08-01T23:59:52Z", "end_time": "2024-08-31T00:00:00Z", "total_cards": 0, "total_polling_cards": 0, "created_at": "2024-06-29T00:00:23.594Z", "updated_at": "2024-06-29T00:00:23.594Z", "batch": 1, "sequence_no": 2}}, {"model": "apis.activity", "pk": 4, "fields": {"name": "Fun interaction", "desc": "Fun interaction", "start_time": "2024-08-01T00:01:20Z", "end_time": "2024-08-31T00:01:26Z", "total_cards": 0, "total_polling_cards": 0, "created_at": "2024-06-29T00:01:35.274Z", "updated_at": "2024-06-29T00:01:35.274Z", "batch": 2, "sequence_no": 2}}, {"model": "apis.card", "pk": 1, "fields": {"name": "Basic info", "desc": "Information about the Student", "type": "SURVEY_INPUT", "total_questions": 0, "to_be_shown": true, "start_time": "2024-06-29T00:07:55Z", "end_time": "2024-07-15T00:08:04Z", "duration": "00:01:00", "activity": 1, "sequence_no": 1, "created_at": "2024-06-29T00:08:23.902Z", "updated_at": "2024-06-29T00:08:23.902Z"}}, {"model": "apis.card", "pk": 2, "fields": {"name": "Basic info", "desc": "Information about the Student", "type": "SURVEY_INPUT", "total_questions": 0, "to_be_shown": true, "start_time": "2024-06-29T00:36:00Z", "end_time": "2024-07-16T00:36:07Z", "duration": "00:01:00", "activity": 2, "sequence_no": 1, "created_at": "2024-06-29T00:36:19.051Z", "updated_at": "2024-06-29T00:36:19.051Z"}}, {"model": "apis.card", "pk": 3, "fields": {"name": "About Course", "desc": "About the course", "type": "SURVEY_INPUT", "total_questions": 0, "to_be_shown": true, "start_time": "2024-06-29T00:37:42Z", "end_time": "2024-07-29T00:37:45Z", "duration": "00:01:00", "activity": 3, "sequence_no": 1, "created_at": "2024-06-29T00:38:01.399Z", "updated_at": "2024-06-29T00:39:21.865Z"}}, {"model": "apis.card", "pk": 4, "fields": {"name": "Family", "desc": "Family details", "type": "SURVEY_INPUT", "total_questions": 0, "to_be_shown": true, "start_time": "2024-06-29T00:38:20Z", "end_time": "2024-07-17T00:38:28Z", "duration": "00:01:00", "activity": 3, "sequence_no": 2, "created_at": "2024-06-29T00:39:07.316Z", "updated_at": "2024-06-29T00:39:30.316Z"}}, {"model": "apis.card", "pk": 5, "fields": {"name": "Favourites", "desc": null, "type": "SURVEY_INPUT", "total_questions": 0, "to_be_shown": true, "start_time": "2024-06-29T02:06:07Z", "end_time": "2024-07-25T02:06:16Z", "duration": "00:01:00", "activity": 4, "sequence_no": 0, "created_at": "2024-06-29T02:06:24.603Z", "updated_at": "2024-06-29T02:06:24.603Z"}}, {"model": "apis.question", "pk": 1, "fields": {"text": "Name", "type": "SHORT_ANSWER", "desc": "Name", "is_required": true, "card": 1, "sequence_no": 1, "created_at": "2024-06-29T01:23:23.687Z", "updated_at": "2024-06-29T01:23:23.687Z"}}, {"model": "apis.question", "pk": 2, "fields": {"text": "Course", "type": "RADIO", "desc": null, "is_required": true, "card": 1, "sequence_no": 2, "created_at": "2024-06-29T01:24:10.647Z", "updated_at": "2024-06-29T01:24:39.888Z"}}, {"model": "apis.question", "pk": 3, "fields": {"text": "Email Id (gmail or personal email id)", "type": "RADIO", "desc": null, "is_required": true, "card": 1, "sequence_no": 3, "created_at": "2024-06-29T01:24:29.696Z", "updated_at": "2024-06-29T01:24:29.696Z"}}, {"model": "apis.question", "pk": 4, "fields": {"text": "Date of Birth", "type": "DATE", "desc": null, "is_required": true, "card": 1, "sequence_no": 4, "created_at": "2024-06-29T01:25:04.416Z", "updated_at": "2024-06-29T01:25:04.416Z"}}, {"model": "apis.question", "pk": 5, "fields": {"text": "Residency status", "type": "DATE", "desc": null, "is_required": true, "card": 1, "sequence_no": 5, "created_at": "2024-06-29T01:25:53.902Z", "updated_at": "2024-06-29T01:25:53.902Z"}}, {"model": "apis.question", "pk": 6, "fields": {"text": "Name", "type": "SHORT_ANSWER", "desc": null, "is_required": true, "card": 2, "sequence_no": 1, "created_at": "2024-06-29T01:26:05.526Z", "updated_at": "2024-06-29T01:26:05.526Z"}}, {"model": "apis.question", "pk": 7, "fields": {"text": "Course", "type": "RADIO", "desc": null, "is_required": true, "card": 2, "sequence_no": 2, "created_at": "2024-06-29T01:27:39.361Z", "updated_at": "2024-06-29T01:27:39.361Z"}}, {"model": "apis.question", "pk": 8, "fields": {"text": "Email Id (gmail or personal email id)", "type": "EMAIL", "desc": null, "is_required": true, "card": 2, "sequence_no": 3, "created_at": "2024-06-29T01:28:01.034Z", "updated_at": "2024-06-29T01:28:01.034Z"}}, {"model": "apis.question", "pk": 9, "fields": {"text": "Date of Birth", "type": "DATE", "desc": null, "is_required": true, "card": 2, "sequence_no": 4, "created_at": "2024-06-29T01:28:27.042Z", "updated_at": "2024-06-29T01:28:27.042Z"}}, {"model": "apis.question", "pk": 10, "fields": {"text": "Residency status", "type": "RADIO", "desc": null, "is_required": true, "card": 2, "sequence_no": 5, "created_at": "2024-06-29T01:29:08.948Z", "updated_at": "2024-06-29T01:29:08.948Z"}}, {"model": "apis.question", "pk": 11, "fields": {"text": "How did you find out about 5 year M.Sc. program", "type": "RADIO", "desc": null, "is_required": true, "card": 3, "sequence_no": 1, "created_at": "2024-06-29T02:05:13.977Z", "updated_at": "2024-06-29T02:05:13.977Z"}}, {"model": "apis.question", "pk": 12, "fields": {"text": "IIT JEE", "type": "RADIO", "desc": null, "is_required": true, "card": 3, "sequence_no": 2, "created_at": "2024-06-29T02:20:01.737Z", "updated_at": "2024-06-29T02:20:01.737Z"}}, {"model": "apis.question", "pk": 13, "fields": {"text": "4 year engineering degree", "type": "RADIO", "desc": null, "is_required": true, "card": 3, "sequence_no": 3, "created_at": "2024-06-29T02:21:24.151Z", "updated_at": "2024-06-29T02:21:24.151Z"}}, {"model": "apis.question", "pk": 14, "fields": {"text": "If you did not get this admission what was your next choice?", "type": "SHORT_ANSWER", "desc": null, "is_required": true, "card": 3, "sequence_no": 4, "created_at": "2024-06-29T02:24:49.782Z", "updated_at": "2024-06-29T02:24:49.782Z"}}, {"model": "apis.question", "pk": 15, "fields": {"text": "Education Funding", "type": "RADIO", "desc": null, "is_required": true, "card": 3, "sequence_no": 5, "created_at": "2024-06-29T02:30:18.728Z", "updated_at": "2024-06-29T02:30:18.728Z"}}, {"model": "apis.question", "pk": 16, "fields": {"text": "School You Studied (Name)", "type": "SHORT_ANSWER", "desc": null, "is_required": true, "card": 3, "sequence_no": 6, "created_at": "2024-06-29T02:30:51.832Z", "updated_at": "2024-06-29T02:31:03.577Z"}}, {"model": "apis.question", "pk": 17, "fields": {"text": "School You Studied ( City)", "type": "SHORT_ANSWER", "desc": null, "is_required": true, "card": 3, "sequence_no": 7, "created_at": "2024-06-29T02:31:28.651Z", "updated_at": "2024-06-29T02:31:28.651Z"}}, {"model": "apis.question", "pk": 18, "fields": {"text": "School You Studied (Board)", "type": "RADIO", "desc": null, "is_required": true, "card": 3, "sequence_no": 8, "created_at": "2024-06-29T05:06:15.548Z", "updated_at": "2024-06-29T05:06:15.548Z"}}, {"model": "apis.question", "pk": 19, "fields": {"text": "Are you thinking of higher education", "type": "RADIO", "desc": null, "is_required": true, "card": 3, "sequence_no": 9, "created_at": "2024-06-29T05:13:25.822Z", "updated_at": "2024-06-29T05:13:32.456Z"}}, {"model": "apis.question", "pk": 20, "fields": {"text": "Father's Highest Education", "type": "RADIO", "desc": null, "is_required": true, "card": 4, "sequence_no": 1, "created_at": "2024-06-29T05:14:42.492Z", "updated_at": "2024-06-29T05:14:42.492Z"}}, {"model": "apis.question", "pk": 21, "fields": {"text": "Father's Profession", "type": "SHORT_ANSWER", "desc": null, "is_required": true, "card": 4, "sequence_no": 2, "created_at": "2024-06-29T05:14:55.764Z", "updated_at": "2024-06-29T05:14:55.764Z"}}, {"model": "apis.question", "pk": 22, "fields": {"text": "Mother's Highest Education", "type": "RADIO", "desc": null, "is_required": true, "card": 4, "sequence_no": 3, "created_at": "2024-06-29T05:17:33.434Z", "updated_at": "2024-06-29T05:18:12.336Z"}}, {"model": "apis.question", "pk": 23, "fields": {"text": "Mother's Profession", "type": "SHORT_ANSWER", "desc": null, "is_required": true, "card": 4, "sequence_no": 4, "created_at": "2024-06-29T05:18:32.340Z", "updated_at": "2024-06-29T05:18:32.340Z"}}, {"model": "apis.question", "pk": 24, "fields": {"text": "Siblings", "type": "RADIO", "desc": null, "is_required": true, "card": 4, "sequence_no": 5, "created_at": "2024-06-29T05:19:01.283Z", "updated_at": "2024-06-29T05:19:01.283Z"}}, {"model": "apis.question", "pk": 25, "fields": {"text": "Favourite Genre(s)", "type": "CHECKBOXES", "desc": null, "is_required": false, "card": 5, "sequence_no": 1, "created_at": "2024-06-29T05:20:39.039Z", "updated_at": "2024-06-29T05:25:04.969Z"}}, {"model": "apis.question", "pk": 26, "fields": {"text": "Interested Domain(s)", "type": "CHECKBOXES", "desc": null, "is_required": false, "card": 5, "sequence_no": 2, "created_at": "2024-06-29T05:23:15.556Z", "updated_at": "2024-06-29T05:24:54.444Z"}}, {"model": "apis.question", "pk": 27, "fields": {"text": "Favourite cusine(s)", "type": "SHORT_ANSWER", "desc": null, "is_required": false, "card": 5, "sequence_no": 3, "created_at": "2024-06-29T05:24:48.502Z", "updated_at": "2024-06-29T05:24:48.502Z"}}, {"model": "apis.option", "pk": 1, "fields": {"value": "Cyber Security", "sequence_no": 1, "question": 2, "created_at": "2024-06-29T01:24:10.649Z", "updated_at": "2024-06-29T01:24:10.649Z"}}, {"model": "apis.option", "pk": 2, "fields": {"value": "Theoretical Computer Science", "sequence_no": 2, "question": 2, "created_at": "2024-06-29T01:24:10.653Z", "updated_at": "2024-06-29T01:24:10.653Z"}}, {"model": "apis.option", "pk": 3, "fields": {"value": "Data Science", "sequence_no": 3, "question": 2, "created_at": "2024-06-29T01:24:10.654Z", "updated_at": "2024-06-29T01:24:10.654Z"}}, {"model": "apis.option", "pk": 4, "fields": {"value": "Software Systems", "sequence_no": 4, "question": 2, "created_at": "2024-06-29T01:24:10.655Z", "updated_at": "2024-06-29T01:24:10.655Z"}}, {"model": "apis.option", "pk": 5, "fields": {"value": "Day Scholar", "sequence_no": 1, "question": 5, "created_at": "2024-06-29T01:25:53.904Z", "updated_at": "2024-06-29T01:25:53.904Z"}}, {"model": "apis.option", "pk": 6, "fields": {"value": "Hostel", "sequence_no": 2, "question": 5, "created_at": "2024-06-29T01:25:53.905Z", "updated_at": "2024-06-29T01:25:53.905Z"}}, {"model": "apis.option", "pk": 7, "fields": {"value": "Renting outside", "sequence_no": 3, "question": 5, "created_at": "2024-06-29T01:25:53.906Z", "updated_at": "2024-06-29T01:25:53.906Z"}}, {"model": "apis.option", "pk": 8, "fields": {"value": "Cyber Security", "sequence_no": 1, "question": 7, "created_at": "2024-06-29T01:27:39.363Z", "updated_at": "2024-06-29T01:27:39.363Z"}}, {"model": "apis.option", "pk": 9, "fields": {"value": "Theoretical Computer Science", "sequence_no": 2, "question": 7, "created_at": "2024-06-29T01:27:39.364Z", "updated_at": "2024-06-29T01:27:39.364Z"}}, {"model": "apis.option", "pk": 10, "fields": {"value": "Data Science", "sequence_no": 3, "question": 7, "created_at": "2024-06-29T01:27:39.365Z", "updated_at": "2024-06-29T01:27:39.365Z"}}, {"model": "apis.option", "pk": 11, "fields": {"value": "Software Systems", "sequence_no": 4, "question": 7, "created_at": "2024-06-29T01:27:39.366Z", "updated_at": "2024-06-29T01:27:39.366Z"}}, {"model": "apis.option", "pk": 12, "fields": {"value": "Day Scholar", "sequence_no": 1, "question": 10, "created_at": "2024-06-29T01:29:08.950Z", "updated_at": "2024-06-29T01:29:08.950Z"}}, {"model": "apis.option", "pk": 13, "fields": {"value": "Hostel", "sequence_no": 2, "question": 10, "created_at": "2024-06-29T01:29:08.951Z", "updated_at": "2024-06-29T01:29:08.951Z"}}, {"model": "apis.option", "pk": 14, "fields": {"value": "Renting outside", "sequence_no": 3, "question": 10, "created_at": "2024-06-29T01:29:08.952Z", "updated_at": "2024-06-29T01:29:08.952Z"}}, {"model": "apis.option", "pk": 15, "fields": {"value": "School Senior studying / completed", "sequence_no": 1, "question": 11, "created_at": "2024-06-29T02:05:13.979Z", "updated_at": "2024-06-29T02:05:13.979Z"}}, {"model": "apis.option", "pk": 16, "fields": {"value": "Parents suggested", "sequence_no": 2, "question": 11, "created_at": "2024-06-29T02:05:13.980Z", "updated_at": "2024-06-29T02:05:13.980Z"}}, {"model": "apis.option", "pk": 17, "fields": {"value": "Sibling studying / completed", "sequence_no": 3, "question": 11, "created_at": "2024-06-29T02:05:13.981Z", "updated_at": "2024-06-29T02:05:13.981Z"}}, {"model": "apis.option", "pk": 18, "fields": {"value": "Relative / Family Friend studying / completed", "sequence_no": 4, "question": 11, "created_at": "2024-06-29T02:05:13.982Z", "updated_at": "2024-06-29T02:05:13.982Z"}}, {"model": "apis.option", "pk": 19, "fields": {"value": "Advertisement", "sequence_no": 5, "question": 11, "created_at": "2024-06-29T02:05:13.983Z", "updated_at": "2024-06-29T02:05:13.983Z"}}, {"model": "apis.option", "pk": 20, "fields": {"value": "Did not get my preferred course", "sequence_no": 1, "question": 12, "created_at": "2024-06-29T02:20:01.739Z", "updated_at": "2024-06-29T02:20:01.739Z"}}, {"model": "apis.option", "pk": 21, "fields": {"value": "Did not try", "sequence_no": 2, "question": 12, "created_at": "2024-06-29T02:20:01.740Z", "updated_at": "2024-06-29T02:20:01.740Z"}}, {"model": "apis.option", "pk": 22, "fields": {"value": "Did not qualify", "sequence_no": 3, "question": 12, "created_at": "2024-06-29T02:20:01.741Z", "updated_at": "2024-06-29T02:20:01.741Z"}}, {"model": "apis.option", "pk": 23, "fields": {"value": "Qualified mains, didn't qualify advanced", "sequence_no": 4, "question": 12, "created_at": "2024-06-29T02:20:01.742Z", "updated_at": "2024-06-29T02:20:01.742Z"}}, {"model": "apis.option", "pk": 24, "fields": {"value": "Did not get my preferred course", "sequence_no": 1, "question": 13, "created_at": "2024-06-29T02:21:24.153Z", "updated_at": "2024-06-29T02:21:24.153Z"}}, {"model": "apis.option", "pk": 25, "fields": {"value": "Did not try", "sequence_no": 2, "question": 13, "created_at": "2024-06-29T02:21:24.154Z", "updated_at": "2024-06-29T02:21:24.154Z"}}, {"model": "apis.option", "pk": 26, "fields": {"value": "Did not qualify", "sequence_no": 3, "question": 13, "created_at": "2024-06-29T02:21:24.155Z", "updated_at": "2024-06-29T02:21:24.155Z"}}, {"model": "apis.option", "pk": 27, "fields": {"value": "Got M.Sc first", "sequence_no": 4, "question": 13, "created_at": "2024-06-29T02:21:24.156Z", "updated_at": "2024-06-29T02:21:24.156Z"}}, {"model": "apis.option", "pk": 28, "fields": {"value": "Wanted to study in Coimbatore", "sequence_no": 5, "question": 13, "created_at": "2024-06-29T02:21:24.157Z", "updated_at": "2024-06-29T02:21:24.157Z"}}, {"model": "apis.option", "pk": 29, "fields": {"value": "Bank Loan", "sequence_no": 1, "question": 15, "created_at": "2024-06-29T02:30:18.729Z", "updated_at": "2024-06-29T02:30:18.729Z"}}, {"model": "apis.option", "pk": 30, "fields": {"value": "Family is paying", "sequence_no": 2, "question": 15, "created_at": "2024-06-29T02:30:18.730Z", "updated_at": "2024-06-29T02:30:18.730Z"}}, {"model": "apis.option", "pk": 31, "fields": {"value": "Getting Financial Assitance", "sequence_no": 3, "question": 15, "created_at": "2024-06-29T02:30:18.731Z", "updated_at": "2024-06-29T02:30:18.731Z"}}, {"model": "apis.option", "pk": 32, "fields": {"value": "Scholarship", "sequence_no": 4, "question": 15, "created_at": "2024-06-29T02:30:18.731Z", "updated_at": "2024-06-29T02:30:18.731Z"}}, {"model": "apis.option", "pk": 33, "fields": {"value": "TN", "sequence_no": 1, "question": 18, "created_at": "2024-06-29T05:06:15.554Z", "updated_at": "2024-06-29T05:06:15.554Z"}}, {"model": "apis.option", "pk": 34, "fields": {"value": "CBSE", "sequence_no": 2, "question": 18, "created_at": "2024-06-29T05:06:15.559Z", "updated_at": "2024-06-29T05:06:15.559Z"}}, {"model": "apis.option", "pk": 35, "fields": {"value": "ICSE", "sequence_no": 3, "question": 18, "created_at": "2024-06-29T05:06:15.562Z", "updated_at": "2024-06-29T05:06:15.562Z"}}, {"model": "apis.option", "pk": 36, "fields": {"value": "Definite No", "sequence_no": 1, "question": 19, "created_at": "2024-06-29T05:13:25.824Z", "updated_at": "2024-06-29T05:13:25.824Z"}}, {"model": "apis.option", "pk": 37, "fields": {"value": "No - cannot afford", "sequence_no": 2, "question": 19, "created_at": "2024-06-29T05:13:25.825Z", "updated_at": "2024-06-29T05:13:25.825Z"}}, {"model": "apis.option", "pk": 38, "fields": {"value": "I am not sure", "sequence_no": 3, "question": 19, "created_at": "2024-06-29T05:13:25.826Z", "updated_at": "2024-06-29T05:13:25.826Z"}}, {"model": "apis.option", "pk": 39, "fields": {"value": "Parents are interested", "sequence_no": 4, "question": 19, "created_at": "2024-06-29T05:13:25.827Z", "updated_at": "2024-06-29T05:13:25.827Z"}}, {"model": "apis.option", "pk": 40, "fields": {"value": "Possibility", "sequence_no": 5, "question": 19, "created_at": "2024-06-29T05:13:25.828Z", "updated_at": "2024-06-29T05:13:25.828Z"}}, {"model": "apis.option", "pk": 41, "fields": {"value": "Post Graduate", "sequence_no": 1, "question": 20, "created_at": "2024-06-29T05:14:42.494Z", "updated_at": "2024-06-29T05:14:42.494Z"}}, {"model": "apis.option", "pk": 42, "fields": {"value": "Doctorate", "sequence_no": 2, "question": 20, "created_at": "2024-06-29T05:14:42.495Z", "updated_at": "2024-06-29T05:14:42.495Z"}}, {"model": "apis.option", "pk": 43, "fields": {"value": "Graduate", "sequence_no": 3, "question": 20, "created_at": "2024-06-29T05:14:42.496Z", "updated_at": "2024-06-29T05:14:42.496Z"}}, {"model": "apis.option", "pk": 44, "fields": {"value": "School level", "sequence_no": 4, "question": 20, "created_at": "2024-06-29T05:14:42.497Z", "updated_at": "2024-06-29T05:14:42.497Z"}}, {"model": "apis.option", "pk": 45, "fields": {"value": "Diploma", "sequence_no": 5, "question": 20, "created_at": "2024-06-29T05:14:42.498Z", "updated_at": "2024-06-29T05:14:42.498Z"}}, {"model": "apis.option", "pk": 46, "fields": {"value": "Post Graduate", "sequence_no": 1, "question": 22, "created_at": "2024-06-29T05:17:33.436Z", "updated_at": "2024-06-29T05:17:33.436Z"}}, {"model": "apis.option", "pk": 47, "fields": {"value": "Doctorate", "sequence_no": 2, "question": 22, "created_at": "2024-06-29T05:17:33.437Z", "updated_at": "2024-06-29T05:18:12.338Z"}}, {"model": "apis.option", "pk": 48, "fields": {"value": "Graduate", "sequence_no": 3, "question": 22, "created_at": "2024-06-29T05:18:12.340Z", "updated_at": "2024-06-29T05:18:12.340Z"}}, {"model": "apis.option", "pk": 49, "fields": {"value": "School level", "sequence_no": 4, "question": 22, "created_at": "2024-06-29T05:18:12.341Z", "updated_at": "2024-06-29T05:18:12.341Z"}}, {"model": "apis.option", "pk": 50, "fields": {"value": "Diploma", "sequence_no": 5, "question": 22, "created_at": "2024-06-29T05:18:12.342Z", "updated_at": "2024-06-29T05:18:12.342Z"}}, {"model": "apis.option", "pk": 51, "fields": {"value": "Yes", "sequence_no": 1, "question": 24, "created_at": "2024-06-29T05:19:01.285Z", "updated_at": "2024-06-29T05:19:01.285Z"}}, {"model": "apis.option", "pk": 52, "fields": {"value": "No", "sequence_no": 2, "question": 24, "created_at": "2024-06-29T05:19:01.286Z", "updated_at": "2024-06-29T05:19:01.286Z"}}, {"model": "apis.option", "pk": 53, "fields": {"value": "Comedy", "sequence_no": 1, "question": 25, "created_at": "2024-06-29T05:20:39.040Z", "updated_at": "2024-06-29T05:20:39.040Z"}}, {"model": "apis.option", "pk": 54, "fields": {"value": "Romance", "sequence_no": 2, "question": 25, "created_at": "2024-06-29T05:20:39.041Z", "updated_at": "2024-06-29T05:20:39.041Z"}}, {"model": "apis.option", "pk": 55, "fields": {"value": "Horror", "sequence_no": 3, "question": 25, "created_at": "2024-06-29T05:20:39.042Z", "updated_at": "2024-06-29T05:20:39.042Z"}}, {"model": "apis.option", "pk": 56, "fields": {"value": "Adventure", "sequence_no": 4, "question": 25, "created_at": "2024-06-29T05:20:39.043Z", "updated_at": "2024-06-29T05:20:39.043Z"}}, {"model": "apis.option", "pk": 57, "fields": {"value": "Web developmentv(front-end)", "sequence_no": 1, "question": 26, "created_at": "2024-06-29T05:23:15.557Z", "updated_at": "2024-06-29T05:23:15.557Z"}}, {"model": "apis.option", "pk": 58, "fields": {"value": "Back-end", "sequence_no": 2, "question": 26, "created_at": "2024-06-29T05:23:15.559Z", "updated_at": "2024-06-29T05:23:15.559Z"}}, {"model": "apis.option", "pk": 59, "fields": {"value": "Operating Systems", "sequence_no": 3, "question": 26, "created_at": "2024-06-29T05:23:15.560Z", "updated_at": "2024-06-29T05:23:15.560Z"}}, {"model": "apis.option", "pk": 60, "fields": {"value": "Computer Networks", "sequence_no": 4, "question": 26, "created_at": "2024-06-29T05:23:15.561Z", "updated_at": "2024-06-29T05:23:15.561Z"}}, {"model": "apis.option", "pk": 61, "fields": {"value": "Game development", "sequence_no": 5, "question": 26, "created_at": "2024-06-29T05:23:15.562Z", "updated_at": "2024-06-29T05:23:15.562Z"}}, {"model": "apis.option", "pk": 62, "fields": {"value": "Mathematics", "sequence_no": 6, "question": 26, "created_at": "2024-06-29T05:23:15.563Z", "updated_at": "2024-06-29T05:23:15.563Z"}}, {"model": "apis.option", "pk": 63, "fields": {"value": "None of the above", "sequence_no": 7, "question": 26, "created_at": "2024-06-29T05:23:15.564Z", "updated_at": "2024-06-29T05:23:15.564Z"}}, {"model": "apis.option", "pk": 64, "fields": {"value": "North Indian", "sequence_no": 1, "question": 27, "created_at": "2024-06-29T05:24:48.503Z", "updated_at": "2024-06-29T05:24:48.503Z"}}, {"model": "apis.option", "pk": 65, "fields": {"value": "South Indian", "sequence_no": 2, "question": 27, "created_at": "2024-06-29T05:24:48.505Z", "updated_at": "2024-06-29T05:24:48.505Z"}}, {"model": "apis.option", "pk": 66, "fields": {"value": "Asian", "sequence_no": 3, "question": 27, "created_at": "2024-06-29T05:24:48.506Z", "updated_at": "2024-06-29T05:24:48.506Z"}}, {"model": "apis.option", "pk": 67, "fields": {"value": "Mediterranean", "sequence_no": 4, "question": 27, "created_at": "2024-06-29T05:24:48.507Z", "updated_at": "2024-06-29T05:24:48.507Z"}}, {"model": "apis.option", "pk": 68, "fields": {"value": "French", "sequence_no": 5, "question": 27, "created_at": "2024-06-29T05:24:48.508Z", "updated_at": "2024-06-29T05:24:48.508Z"}}, {"model": "apis.option", "pk": 69, "fields": {"value": "Italian", "sequence_no": 6, "question": 27, "created_at": "2024-06-29T05:24:48.509Z", "updated_at": "2024-06-29T05:24:48.509Z"}}, {"model": "apis.option", "pk": 70, "fields": {"value": "Other", "sequence_no": 7, "question": 27, "created_at": "2024-06-29T05:24:48.509Z", "updated_at": "2024-06-29T05:24:48.509Z"}}, {"model": "token_blacklist.outstandingtoken", "pk": 1, "fields": {"user": 1, "jti": "e0edcf04f60945bfa0710266498e01cc", "token": "eyJhbGciOiJIUzI1NiIsInR5cCI6IkpXVCJ9.eyJ0b2tlbl90eXBlIjoicmVmcmVzaCIsImV4cCI6MTcxOTY2NzQ5MiwiaWF0IjoxNzE5NTgxMDkyLCJqdGkiOiJlMGVkY2YwNGY2MDk0NWJmYTA3MTAyNjY0OThlMDFjYyIsInVzZXJfaWQiOjF9.Q4XH3YoKp_0lz1PRZ6QTpMYoR34R_Py7KHrV5z7xaZI", "created_at": "2024-06-28T13:24:52.120Z", "expires_at": "2024-06-29T13:24:52Z"}}, {"model": "token_blacklist.outstandingtoken", "pk": 2, "fields": {"user": 2, "jti": "c72e90afcb4849fda4187f695d530843", "token": "eyJhbGciOiJIUzI1NiIsInR5cCI6IkpXVCJ9.eyJ0b2tlbl90eXBlIjoicmVmcmVzaCIsImV4cCI6MTcxOTY2Nzg1OCwiaWF0IjoxNzE5NTgxNDU4LCJqdGkiOiJjNzJlOTBhZmNiNDg0OWZkYTQxODdmNjk1ZDUzMDg0MyIsInVzZXJfaWQiOjJ9.eTuXOBc-cj-gVdofctPDFaty2VmL8fTdNM3roZlClDg", "created_at": "2024-06-28T13:30:58.739Z", "expires_at": "2024-06-29T13:30:58Z"}}, {"model": "token_blacklist.outstandingtoken", "pk": 3, "fields": {"user": null, "jti": "5a3fd835ab4b4c159f02539954158abf", "token": "eyJhbGciOiJIUzI1NiIsInR5cCI6IkpXVCJ9.eyJ0b2tlbl90eXBlIjoicmVmcmVzaCIsImV4cCI6MTcxOTcyOTkxNSwiaWF0IjoxNzE5NjQzNTE1LCJqdGkiOiI1YTNmZDgzNWFiNGI0YzE1OWYwMjUzOTk1NDE1OGFiZiIsInVzZXJfaWQiOjR9.pJ1N9tL2CiHtY1c-1ZONU6tZAkV4yIB2RV1rhEcpZ0I", "created_at": "2024-06-29T06:45:15.466Z", "expires_at": "2024-06-30T06:45:15Z"}}, {"model": "token_blacklist.outstandingtoken", "pk": 4, "fields": {"user": null, "jti": "9be02f905be448e9ae1657741ff4ab70", "token": "eyJhbGciOiJIUzI1NiIsInR5cCI6IkpXVCJ9.eyJ0b2tlbl90eXBlIjoicmVmcmVzaCIsImV4cCI6MTcxOTczMDAxNCwiaWF0IjoxNzE5NjQzNjE0LCJqdGkiOiI5YmUwMmY5MDViZTQ0OGU5YWUxNjU3NzQxZmY0YWI3MCIsInVzZXJfaWQiOjR9.y5SKTh0Qd_pQiXuNuqdpoDgMo5bKyolRKw1i5yu58OU", "created_at": "2024-06-29T06:46:54.817Z", "expires_at": "2024-06-30T06:46:54Z"}}]